{"cameraMode":{"drawMode":0,"name":"Shaded","section":"Shading Mode"},"sceneLighting":true,"audioPlay":false,"sceneViewState":{"m_AlwaysRefresh":false,"showFog":true,"showSkybox":true,"showFlares":true,"showImageEffects":true,"showParticleSystems":true,"showVisualEffectGraphs":true,"m_FxEnabled":true},"in2DMode":false,"pivot":{"x":6.755893230438232,"y":18.182706832885743,"z":30.770885467529298},"rotation":{"x":0.03727642074227333,"y":-0.1068221926689148,"z":0.004007695242762566,"w":0.993570864200592},"size":23.456640243530275,"orthographic":false}