{"cameraMode":{"drawMode":0,"name":"Shaded","section":"Shading Mode"},"sceneLighting":true,"audioPlay":false,"sceneViewState":{"m_AlwaysRefresh":false,"showFog":true,"showSkybox":true,"showFlares":true,"showImageEffects":true,"showParticleSystems":true,"showVisualEffectGraphs":true,"m_FxEnabled":true},"in2DMode":false,"pivot":{"x":24.186098098754884,"y":-8.693471908569336,"z":28.775718688964845},"rotation":{"x":0.30696064233779909,"y":0.00370979867875576,"z":-0.0011965746525675059,"w":0.9517149329185486},"size":21.668594360351564,"orthographic":false}